,Curricular units 1st sem (approved),Curricular units 2nd sem (approved),Target_Graduate
0,0,0,0
1,6,6,1
2,0,0,0
3,6,5,1
4,5,6,1
5,5,5,1
6,7,8,1
7,0,0,0
8,6,6,1
9,5,2,0
10,6,5,1
11,7,7,1
12,0,0,0
13,6,5,1
14,4,5,1
15,5,0,0
16,1,2,0
17,7,8,1
18,4,4,1
19,6,6,0
20,0,0,1
21,7,8,0
22,7,7,1
23,6,6,1
24,6,7,1
25,5,4,0
26,6,6,1
27,5,4,0
28,5,5,1
29,6,6,0
30,5,5,0
31,6,4,1
32,3,2,0
33,6,6,1
34,5,5,1
35,0,1,0
36,0,0,0
37,1,2,0
38,5,5,1
39,3,3,0
40,4,0,0
41,5,5,1
42,5,7,1
43,4,5,0
44,0,0,0
45,2,3,0
46,6,5,1
47,6,7,1
48,6,6,1
49,5,6,1
50,6,6,1
51,6,6,0
52,4,3,0
53,5,5,1
54,5,5,0
55,7,8,1
56,0,0,0
57,5,10,0
58,8,8,1
59,0,0,0
60,6,7,1
61,6,6,1
62,0,0,0
63,5,1,0
64,0,0,0
65,5,5,0
66,0,0,1
67,6,6,1
68,5,4,0
69,6,5,0
70,0,0,0
71,7,8,1
72,0,0,0
73,3,1,0
74,6,3,1
75,3,3,0
76,4,1,0
77,6,6,1
78,7,8,1
79,6,6,1
80,5,5,0
81,0,0,0
82,6,10,0
83,5,3,0
84,6,5,1
85,7,7,1
86,4,5,1
87,6,5,1
88,4,5,0
89,2,0,0
90,0,0,0
91,6,6,1
92,2,0,0
93,3,0,0
94,8,6,1
95,5,3,0
96,6,6,1
97,7,8,1
98,5,5,0
99,4,0,0
100,8,5,0
101,0,0,1
102,0,0,0
103,18,13,1
104,0,0,0
105,10,11,1
106,0,0,0
107,4,4,0
108,6,5,0
109,6,3,0
110,6,6,1
111,3,3,0
112,5,5,1
113,6,6,1
114,6,6,0
115,6,7,0
116,2,4,0
117,3,3,0
118,5,5,1
119,5,5,1
120,3,2,0
121,5,4,1
122,0,0,0
123,5,5,1
124,6,6,1
125,5,0,0
126,6,5,1
127,5,5,0
128,6,6,1
129,7,8,1
130,7,7,0
131,6,6,1
132,5,5,1
133,5,0,0
134,9,7,1
135,5,4,0
136,4,4,1
137,6,6,1
138,5,7,0
139,7,8,1
140,6,6,1
141,6,5,1
142,0,0,0
143,6,6,1
144,7,8,1
145,5,5,1
146,0,0,0
147,5,3,0
148,5,5,1
149,6,7,1
150,0,0,0
151,5,5,1
152,3,5,0
153,6,5,1
154,3,3,0
155,6,4,0
156,5,5,1
157,6,6,1
158,4,6,1
159,5,5,1
160,6,6,0
161,7,7,1
162,7,8,1
163,4,3,0
164,5,5,1
165,6,6,1
166,0,0,0
167,5,4,1
168,7,7,1
169,3,2,0
170,4,4,0
171,7,8,1
172,6,6,1
173,3,5,1
174,4,6,0
175,3,4,0
176,5,5,1
177,4,4,0
178,5,5,0
179,6,6,0
180,21,19,1
181,6,6,0
182,5,0,0
183,6,0,0
184,0,0,0
185,3,3,0
186,8,4,0
187,6,6,1
188,2,0,0
189,6,6,1
190,6,6,1
191,2,1,0
192,0,0,0
193,0,0,0
194,7,7,1
195,0,0,0
196,8,8,1
197,0,0,0
198,7,7,1
199,3,3,0
200,4,4,1
201,6,6,1
202,7,7,1
203,6,6,1
204,5,4,1
205,4,4,1
206,7,7,1
207,6,6,1
208,6,5,1
209,6,5,0
210,7,7,1
211,6,6,1
212,6,6,1
213,0,0,0
214,6,6,1
215,6,8,0
216,5,5,1
217,1,0,0
218,1,0,0
219,0,2,0
220,4,3,1
221,6,6,1
222,4,2,0
223,5,7,1
224,6,7,1
225,6,5,1
226,5,5,1
227,6,6,1
228,0,0,0
229,7,7,1
230,6,3,1
231,0,0,0
232,5,5,1
233,5,5,1
234,3,1,0
235,5,6,1
236,5,6,1
237,6,6,1
238,4,4,0
239,3,3,0
240,6,7,0
241,11,9,0
242,5,5,1
243,0,0,0
244,9,10,1
245,8,8,1
246,7,7,1
247,3,3,0
248,6,4,1
249,6,5,1
250,5,5,0
251,6,6,0
252,5,5,1
253,1,0,0
254,5,5,1
255,1,0,0
256,5,5,1
257,6,6,0
258,5,5,1
259,6,2,0
260,6,5,1
261,0,0,0
262,8,6,0
263,6,6,1
264,6,6,1
265,4,3,1
266,7,7,1
267,5,5,1
268,6,6,1
269,7,7,1
270,6,5,1
271,2,1,0
272,5,5,1
273,7,8,1
274,6,6,1
275,7,8,1
276,5,3,0
277,7,5,0
278,7,8,0
279,7,7,1
280,4,4,1
281,5,6,1
282,5,5,1
283,5,6,1
284,5,6,1
285,6,6,1
286,6,6,0
287,4,4,1
288,6,6,1
289,8,8,1
290,6,6,1
291,6,6,1
292,6,5,0
293,6,6,1
294,5,2,0
295,7,7,1
296,6,6,1
297,6,6,1
298,7,8,1
299,8,8,1
300,6,6,1
301,4,5,1
302,7,8,1
303,2,4,0
304,0,0,0
305,4,4,0
306,6,4,1
307,1,0,0
308,5,5,1
309,5,2,0
310,6,6,1
311,3,3,0
312,5,5,1
313,5,5,1
314,2,0,0
315,5,5,1
316,7,8,1
317,7,8,1
318,6,6,1
319,6,6,0
320,0,0,0
321,7,7,1
322,7,8,1
323,5,8,1
324,3,3,0
325,6,3,1
326,6,6,1
327,6,5,1
328,5,5,0
329,5,5,0
330,5,6,0
331,0,0,0
332,6,6,1
333,6,6,1
334,6,6,1
335,6,6,1
336,7,7,1
337,8,8,1
338,5,6,1
339,4,4,1
340,4,3,0
341,0,0,0
342,6,6,1
343,6,6,1
344,4,2,0
345,6,6,1
346,13,9,0
347,5,5,1
348,6,6,1
349,5,4,0
350,4,4,0
351,6,6,1
352,0,0,0
353,6,6,1
354,5,0,0
355,6,6,1
356,6,7,1
357,0,0,0
358,0,0,0
359,0,0,0
360,6,6,1
361,3,2,0
362,3,4,0
363,8,7,1
364,5,5,0
365,6,6,1
366,6,6,1
367,1,5,0
368,7,6,1
369,7,7,0
370,11,7,1
371,4,4,0
372,6,6,1
373,5,5,1
374,0,0,0
375,10,10,0
376,0,0,0
377,7,8,1
378,7,6,0
379,5,2,0
380,5,6,0
381,6,8,0
382,3,3,0
383,6,6,1
384,9,8,1
385,6,6,1
386,6,6,1
387,11,10,1
388,5,5,0
389,6,6,1
390,4,1,0
391,5,5,0
392,5,5,0
393,2,2,0
394,6,6,1
395,7,7,1
396,11,11,1
397,6,3,1
398,5,4,0
399,3,0,0
400,5,4,0
401,3,3,0
402,4,3,0
403,6,4,0
404,7,7,1
405,0,0,1
406,13,12,1
407,5,5,1
408,6,6,1
409,0,0,0
410,7,7,1
411,7,7,1
412,7,7,1
413,5,5,1
414,6,6,1
415,5,5,1
416,6,6,1
417,5,3,0
418,6,6,1
419,0,0,0
420,7,8,1
421,7,5,1
422,0,0,0
423,8,8,1
424,7,8,1
425,6,6,1
426,6,6,1
427,3,2,0
428,0,0,0
429,5,4,1
430,7,7,1
431,6,5,1
432,5,5,1
433,0,0,0
434,5,6,1
435,7,7,1
436,4,6,0
437,6,6,1
438,0,0,0
439,6,6,1
440,0,1,0
441,1,3,0
442,7,7,1
443,7,7,1
444,4,4,1
445,6,6,1
446,7,8,1
447,7,8,0
448,6,5,1
449,5,5,0
450,7,7,1
451,7,7,1
452,7,8,1
453,5,5,1
454,5,4,0
455,6,2,1
456,0,0,0
457,5,5,0
458,12,11,1
459,6,6,1
460,5,5,1
461,11,11,1
462,5,4,1
463,5,5,1
464,5,4,0
465,9,5,0
466,5,8,0
467,16,13,1
468,8,8,1
469,5,5,1
470,7,7,1
471,6,6,1
472,6,5,0
473,6,6,1
474,0,0,0
475,4,5,1
476,2,0,0
477,0,0,0
478,6,7,1
479,5,5,0
480,6,8,1
481,7,7,1
482,0,0,0
483,6,2,0
484,6,7,1
485,6,5,1
486,6,4,0
487,5,4,0
488,7,8,1
489,6,7,1
490,6,6,1
491,6,6,1
492,6,6,1
493,5,4,0
494,6,6,0
495,2,1,0
496,1,0,0
497,5,5,1
498,5,6,1
499,8,8,1
500,3,5,0
501,6,5,1
502,5,4,0
503,1,0,0
504,7,7,1
505,4,3,0
506,7,5,0
507,6,6,1
508,4,5,0
509,0,0,0
510,4,0,0
511,0,0,0
512,4,4,1
513,0,0,0
514,0,0,0
515,0,0,0
516,6,5,1
517,5,3,0
518,1,1,0
519,4,5,0
520,7,7,1
521,2,5,1
522,5,6,1
523,4,5,1
524,4,0,0
525,1,1,0
526,1,3,0
527,0,0,1
528,0,0,0
529,5,4,0
530,3,3,0
531,0,0,0
532,7,7,1
533,0,0,0
534,0,0,1
535,4,5,1
536,1,0,0
537,5,5,1
538,6,6,1
539,4,6,0
540,7,8,1
541,5,2,0
542,6,6,1
543,7,8,1
544,5,5,0
545,4,3,0
546,5,2,0
547,6,2,0
548,6,6,0
549,5,5,1
550,3,3,0
551,4,4,0
552,9,3,0
553,2,0,0
554,0,0,0
555,14,6,0
556,3,3,0
557,0,0,1
558,3,3,0
559,8,8,1
560,11,11,1
561,2,3,0
562,1,2,0
563,6,5,1
564,6,6,1
565,6,6,1
566,0,0,0
567,3,3,0
568,5,5,1
569,5,5,1
570,6,6,1
571,0,1,0
572,3,3,0
573,3,5,0
574,0,0,1
575,0,0,0
576,7,7,1
577,5,5,0
578,6,6,1
579,4,6,1
580,0,0,0
581,7,7,1
582,6,6,0
583,4,4,1
584,5,5,1
585,5,5,1
586,3,5,1
587,6,6,1
588,6,3,1
589,7,8,1
590,6,6,1
591,4,5,0
592,6,6,1
593,5,4,0
594,6,5,0
595,11,11,0
596,4,3,0
597,6,5,0
598,6,6,1
599,18,13,1
600,0,0,0
601,4,4,0
602,7,8,1
603,6,6,1
604,7,8,1
605,0,0,0
606,0,0,0
607,7,7,1
608,0,0,0
609,5,5,0
610,7,7,1
611,5,6,1
612,6,6,1
613,4,5,0
614,7,7,1
615,7,7,1
616,6,6,1
617,7,8,1
618,6,8,1
619,5,4,0
620,6,6,1
621,2,2,0
622,4,4,0
623,8,8,1
624,6,3,0
625,5,5,0
626,9,6,1
627,7,8,1
628,6,6,1
629,5,5,1
630,7,7,1
631,5,4,0
632,7,8,1
633,7,7,1
634,6,5,1
635,6,6,1
636,7,7,1
637,3,4,0
638,5,5,1
639,6,6,0
640,4,0,0
641,3,2,0
642,2,3,0
643,8,8,0
644,0,0,0
645,2,3,0
646,5,1,0
647,5,5,1
648,7,8,1
649,4,4,1
650,6,6,1
651,9,6,0
652,7,7,1
653,5,6,1
654,4,4,1
655,5,3,0
656,5,2,0
657,13,11,1
658,5,5,1
659,0,0,0
660,6,6,1
661,5,6,0
662,6,6,1
663,3,4,1
664,7,8,1
665,5,5,1
666,5,4,0
667,11,11,1
668,0,0,0
669,17,17,1
670,6,6,1
671,9,7,0
672,7,8,1
673,6,5,1
674,6,6,1
675,2,2,0
676,6,6,1
677,5,4,0
678,1,0,0
679,0,0,1
680,6,6,1
681,6,6,1
682,5,5,0
683,0,0,0
684,7,9,1
685,9,10,1
686,3,2,0
687,7,8,1
688,5,5,1
689,0,0,0
690,0,0,0
691,19,13,1
692,6,4,0
693,3,0,0
694,4,4,1
695,4,2,0
696,6,6,1
697,3,5,0
698,5,6,1
699,3,1,0
700,5,3,0
701,3,3,0
702,4,1,0
703,0,0,0
704,9,7,1
705,5,4,0
706,10,7,1
707,18,13,1
708,11,9,1
709,0,0,0
710,0,0,0
711,0,0,0
712,4,5,1
713,7,7,1
714,5,5,1
715,13,11,1
716,0,0,0
717,3,0,0
718,5,5,0
719,5,5,0
720,6,3,0
721,6,6,0
722,0,0,1
723,1,0,0
724,0,0,0
725,7,8,1
726,6,7,1
727,0,0,0
728,0,0,1
729,4,5,0
730,5,3,0
731,5,5,1
732,6,5,1
733,3,4,1
734,0,0,0
735,6,5,1
736,7,6,0
737,2,3,0
738,11,10,0
739,6,5,0
740,0,0,0
741,6,6,1
742,5,6,0
743,4,3,0
744,5,6,1
745,0,0,0
746,3,2,0
747,18,12,1
748,0,0,0
749,7,8,1
750,4,3,1
751,6,6,1
752,8,8,1
753,0,0,0
754,6,6,1
755,0,0,0
756,4,3,0
757,12,11,0
758,6,4,1
759,8,5,1
760,18,12,1
761,0,0,0
762,9,6,1
763,1,1,0
764,16,10,1
765,5,5,0
766,4,4,0
767,9,7,1
768,9,7,1
769,6,6,1
770,6,6,1
771,0,0,0
772,6,7,0
773,6,6,1
774,4,4,0
775,6,3,0
776,6,6,1
777,8,9,0
778,6,6,0
779,6,6,1
780,6,6,1
781,2,4,0
782,7,8,1
783,6,6,0
784,5,6,1
785,6,6,1
786,6,5,1
787,7,7,1
788,5,5,0
789,0,0,1
790,6,6,1
791,2,0,0
792,6,6,1
793,6,5,1
794,6,6,1
795,6,6,1
796,7,9,1
797,7,8,1
798,6,6,1
799,6,4,0
800,6,4,0
801,0,0,0
802,5,5,1
803,6,6,1
804,7,7,1
805,2,3,0
806,6,6,1
807,6,4,0
808,0,0,0
809,6,6,0
810,0,0,0
811,7,6,1
812,7,8,1
813,7,8,1
814,7,7,1
815,5,3,0
816,6,6,0
817,6,6,1
818,7,7,0
819,6,6,1
820,5,4,1
821,0,0,1
822,6,6,0
823,6,6,1
824,6,6,1
825,6,5,1
826,7,6,0
827,6,6,1
828,8,8,1
829,0,0,0
830,6,6,0
831,0,0,0
832,5,2,0
833,2,1,0
834,0,0,0
835,4,2,0
836,3,4,0
837,5,2,0
838,0,0,0
839,5,5,1
840,0,0,0
841,4,4,0
842,0,0,0
843,6,6,1
844,5,5,1
845,0,0,0
846,5,5,1
847,3,4,1
848,4,5,0
849,7,8,1
850,7,7,1
851,5,4,0
852,6,6,1
853,7,7,1
854,0,0,0
855,5,0,0
856,6,6,0
857,0,0,0
858,0,0,0
859,4,2,0
860,5,3,0
861,0,0,0
862,2,7,0
863,3,2,0
864,6,6,0
865,7,8,1
866,0,0,0
867,0,0,0
868,6,5,1
869,0,0,1
870,6,6,1
871,1,2,0
872,13,10,1
873,5,6,0
874,5,4,1
875,7,8,1
876,4,5,0
877,2,0,0
878,3,5,1
879,5,7,0
880,6,5,1
881,0,0,1
882,1,0,0
883,3,6,0
884,7,7,1
885,10,9,1
886,6,6,1
887,6,7,1
888,7,8,1
889,4,4,1
890,6,6,1
891,0,0,0
892,7,7,1
893,0,0,0
894,18,13,1
895,3,1,0
896,6,6,1
897,12,11,1
898,6,4,0
899,6,6,1
900,2,2,0
901,6,5,1
902,8,8,1
903,6,6,1
904,1,0,0
905,7,8,1
906,0,0,0
907,5,6,1
908,4,3,0
909,0,0,0
910,6,6,1
911,4,5,1
912,5,2,0
913,5,6,1
914,0,0,0
915,6,6,1
916,0,0,0
917,0,0,0
918,6,6,1
919,5,6,1
920,4,5,1
921,6,6,1
922,4,4,0
923,3,2,0
924,2,3,0
925,6,6,1
926,1,0,0
927,7,6,0
928,0,0,0
929,0,0,0
930,1,2,0
931,6,7,1
932,8,8,1
933,3,2,0
934,7,7,0
935,12,11,1
936,1,1,0
937,6,7,0
938,6,4,0
939,5,3,0
940,6,5,1
941,6,6,1
942,0,0,0
943,0,0,0
944,7,8,1
945,6,6,1
946,5,5,1
947,0,0,0
948,10,4,1
949,0,0,0
950,5,5,1
951,0,0,0
952,6,6,1
953,0,0,0
954,4,4,0
955,3,1,0
956,6,6,1
957,6,5,1
958,5,5,1
959,0,0,0
960,3,2,0
961,15,14,1
962,3,5,1
963,2,2,0
964,6,5,1
965,5,5,1
966,0,0,0
967,0,0,0
968,0,0,0
969,3,2,0
970,4,4,1
971,1,0,0
972,0,0,0
973,1,4,1
974,5,5,1
975,3,3,0
976,6,6,1
977,5,4,1
978,5,5,0
979,9,8,1
980,4,2,0
981,4,5,0
982,6,6,1
983,4,4,0
984,2,1,0
985,7,7,1
986,6,6,1
987,5,0,0
988,3,2,0
989,5,2,0
990,7,8,1
991,6,5,1
992,6,6,0
993,6,6,1
994,5,5,1
995,6,6,1
996,5,6,0
997,5,2,0
998,6,5,1
999,6,6,0
1000,0,0,0
1001,0,0,0
1002,0,0,1
1003,5,3,1
1004,6,6,0
1005,3,5,1
1006,7,7,1
1007,9,9,1
1008,7,7,1
1009,6,6,1
1010,7,6,1
1011,6,7,1
1012,5,5,1
1013,0,0,0
1014,5,5,1
1015,6,6,1
1016,4,0,0
1017,11,11,1
1018,1,0,0
1019,6,6,1
1020,8,8,1
1021,6,5,1
1022,6,6,1
1023,6,6,1
1024,7,7,1
1025,2,2,0
1026,5,5,1
1027,5,5,1
1028,7,8,1
1029,7,7,1
1030,3,3,1
1031,4,4,0
1032,6,6,1
1033,4,5,1
1034,2,0,0
1035,6,6,0
1036,0,0,0
1037,6,6,1
1038,2,6,1
1039,5,5,0
1040,5,5,1
1041,7,7,1
1042,8,5,1
1043,6,7,1
1044,5,5,1
1045,0,0,0
1046,6,6,0
1047,7,7,1
1048,6,7,1
1049,7,8,1
1050,0,0,1
1051,7,8,1
1052,7,8,0
1053,6,5,1
1054,7,8,1
1055,7,7,1
1056,7,7,0
1057,6,6,1
1058,5,4,0
1059,7,7,1
1060,7,4,0
1061,0,0,0
1062,5,6,1
1063,8,8,1
1064,5,4,0
1065,11,8,0
1066,6,6,1
1067,5,5,1
1068,7,8,1
1069,4,5,1
1070,8,8,1
1071,6,6,1
1072,4,5,0
1073,4,5,1
1074,5,6,1
1075,6,6,1
1076,11,8,0
1077,4,1,0
1078,0,0,0
1079,6,7,1
1080,6,6,1
1081,5,5,1
1082,5,4,0
1083,7,7,1
1084,6,6,1
1085,0,0,0
1086,6,6,1
1087,5,6,1
1088,5,6,0
1089,0,0,0
1090,4,5,1
1091,0,0,0
1092,5,6,1
1093,5,6,0
1094,7,8,1
1095,3,3,0
1096,0,0,0
1097,5,4,1
1098,6,6,1
1099,8,8,1
1100,4,5,0
1101,0,0,0
1102,3,4,0
1103,6,7,0
1104,2,5,1
1105,0,0,0
1106,7,7,0
1107,7,8,1
1108,7,5,0
1109,4,5,1
1110,6,6,1
1111,7,7,1
1112,5,6,0
1113,3,3,0
1114,6,7,1
1115,8,8,1
1116,0,0,0
1117,6,7,1
1118,7,5,0
1119,6,6,1
1120,4,5,0
1121,5,5,1
1122,7,8,1
1123,6,5,1
1124,6,6,1
1125,5,4,1
1126,7,8,1
1127,5,5,1
1128,5,5,1
1129,7,7,1
1130,8,8,1
1131,7,7,1
1132,4,3,0
1133,7,8,1
1134,0,0,0
1135,4,3,0
1136,6,6,1
1137,6,3,0
1138,7,7,1
1139,6,6,1
1140,7,7,1
1141,5,3,0
1142,4,4,0
1143,6,6,1
1144,3,4,0
1145,5,5,1
1146,0,0,0
1147,4,5,1
1148,6,6,0
1149,7,7,1
1150,6,6,1
1151,0,0,0
1152,3,3,0
1153,5,5,0
1154,7,7,1
1155,4,4,0
1156,3,1,0
1157,6,6,1
1158,5,5,1
1159,5,5,1
1160,5,5,1
1161,4,7,0
1162,7,7,1
1163,6,6,1
1164,4,0,0
1165,11,8,1
1166,7,7,0
1167,6,5,1
1168,6,6,0
1169,4,4,1
1170,5,5,1
1171,7,7,1
1172,1,1,0
1173,4,5,0
1174,4,4,1
1175,4,3,0
1176,6,5,1
1177,5,5,1
1178,3,2,0
1179,7,8,1
1180,4,3,0
1181,4,4,1
1182,7,6,1
1183,8,5,0
1184,6,6,0
1185,5,6,1
1186,11,10,0
1187,1,1,0
1188,6,4,1
1189,6,6,1
1190,0,0,0
1191,7,7,1
1192,0,0,1
1193,13,12,1
1194,18,13,1
1195,6,7,0
1196,2,0,0
1197,4,3,0
1198,6,6,1
1199,6,6,1
1200,6,6,1
1201,5,6,1
1202,3,2,0
1203,5,4,1
1204,1,0,0
1205,3,4,1
1206,12,12,1
1207,6,6,0
1208,1,0,0
1209,4,4,0
1210,0,0,0
1211,4,5,0
1212,8,8,1
1213,3,4,1
1214,6,7,0
1215,7,8,1
1216,5,4,1
1217,6,6,1
1218,7,7,1
1219,5,5,1
1220,0,0,0
1221,7,8,1
1222,0,0,0
1223,5,6,1
1224,8,8,1
1225,6,6,1
1226,3,5,1
1227,5,6,1
1228,8,8,1
1229,8,5,0
1230,5,5,1
1231,6,6,1
1232,6,6,1
1233,6,6,1
1234,7,7,1
1235,2,3,0
1236,7,8,1
1237,1,0,0
1238,6,6,1
1239,0,0,0
1240,5,4,0
1241,2,3,0
1242,1,1,0
1243,5,5,1
1244,4,1,0
1245,1,1,0
1246,6,6,1
1247,0,0,0
1248,1,1,0
1249,3,5,0
1250,6,6,1
1251,6,6,1
1252,5,5,1
1253,4,6,1
1254,0,4,0
1255,0,1,0
1256,6,6,1
1257,7,8,1
1258,7,7,1
1259,6,6,1
1260,5,6,1
1261,0,2,0
1262,0,0,0
1263,6,6,1
1264,7,7,1
1265,8,8,1
1266,6,5,1
1267,7,7,1
1268,8,5,0
1269,1,0,0
1270,5,6,0
1271,5,4,1
1272,2,4,0
1273,0,0,0
1274,5,5,1
1275,6,6,1
1276,4,5,1
1277,4,5,0
1278,4,4,0
1279,6,6,1
1280,6,6,1
1281,7,7,1
1282,0,0,0
1283,5,5,1
1284,4,4,1
1285,6,6,0
1286,6,5,0
1287,6,6,1
1288,5,4,1
1289,6,7,1
1290,4,6,0
1291,7,7,1
1292,3,2,0
1293,5,5,1
1294,0,0,0
1295,1,0,0
1296,0,0,0
1297,4,5,0
1298,5,5,1
1299,4,3,0
1300,3,0,0
1301,0,0,0
1302,0,0,1
1303,10,8,1
1304,6,6,1
1305,6,6,1
1306,12,10,1
1307,5,5,1
1308,7,7,1
1309,7,7,1
1310,11,8,1
1311,6,6,1
1312,6,6,1
1313,7,8,0
1314,6,3,0
1315,6,7,1
1316,3,4,0
1317,3,3,0
1318,4,3,0
1319,5,5,1
1320,6,6,1
1321,6,6,0
1322,8,8,1
1323,6,6,1
1324,4,2,0
1325,6,6,1
1326,4,2,0
1327,1,0,0
1328,7,8,1
1329,4,3,0
1330,7,8,1
1331,7,8,1
1332,0,1,0
1333,3,4,0
1334,7,8,1
1335,5,5,0
1336,6,6,0
1337,5,4,0
1338,5,5,0
1339,7,7,1
1340,6,6,1
1341,5,4,1
1342,5,4,1
1343,5,5,1
1344,6,6,0
1345,6,6,1
1346,6,6,1
1347,5,7,0
1348,11,8,0
1349,6,6,1
1350,0,0,1
1351,7,7,1
1352,6,6,1
1353,0,0,0
1354,5,5,0
1355,6,5,0
1356,4,0,0
1357,0,0,0
1358,0,0,0
1359,0,0,0
1360,1,0,0
1361,7,7,1
1362,0,0,0
1363,0,0,1
1364,6,6,1
1365,0,0,0
1366,9,6,0
1367,7,7,1
1368,3,4,0
1369,5,6,1
1370,6,6,1
1371,7,7,1
1372,6,6,1
1373,5,5,1
1374,3,3,0
1375,0,0,0
1376,5,4,0
1377,0,0,1
1378,1,0,0
1379,0,0,0
1380,7,5,1
1381,0,0,0
1382,18,13,1
1383,6,6,1
1384,6,2,1
1385,2,0,0
1386,0,0,0
1387,5,5,1
1388,0,0,0
1389,4,3,0
1390,8,8,1
1391,6,5,1
1392,0,0,0
1393,6,6,1
1394,5,6,1
1395,5,6,1
1396,6,6,0
1397,7,9,1
1398,6,7,1
1399,7,7,1
1400,0,0,0
1401,6,5,1
1402,5,5,1
1403,7,8,1
1404,0,0,0
1405,0,0,0
1406,7,7,1
1407,5,5,0
1408,4,1,0
1409,5,5,1
1410,0,0,0
1411,4,6,1
1412,6,10,1
1413,4,3,0
1414,7,8,1
1415,5,4,1
1416,0,0,0
1417,6,5,1
1418,5,5,1
1419,6,5,0
1420,5,5,0
1421,5,3,0
1422,6,6,1
1423,6,6,1
1424,4,5,0
1425,0,0,1
1426,6,4,1
1427,5,2,0
1428,3,4,0
1429,5,6,1
1430,7,7,1
1431,4,1,0
1432,6,5,0
1433,6,6,1
1434,6,6,0
1435,6,2,0
1436,2,2,0
1437,6,6,1
1438,6,6,1
1439,4,5,1
1440,4,4,1
1441,17,17,1
1442,6,6,1
1443,0,0,0
1444,5,5,1
1445,0,0,0
1446,0,0,0
1447,4,3,0
1448,3,3,0
1449,6,9,1
1450,6,5,0
1451,11,12,1
1452,0,0,0
1453,6,6,1
1454,4,4,0
1455,0,0,0
1456,5,4,0
1457,6,6,0
1458,4,1,0
1459,0,0,0
1460,4,4,0
1461,5,6,1
1462,3,4,0
1463,2,1,0
1464,6,5,0
1465,11,8,1
1466,3,0,0
1467,4,4,0
1468,6,6,1
1469,6,6,1
1470,5,4,0
1471,4,5,0
1472,6,6,1
1473,0,0,0
1474,4,2,0
1475,4,5,1
1476,2,2,0
1477,12,11,1
1478,2,0,0
1479,4,0,0
1480,5,5,0
1481,4,6,1
1482,6,6,1
1483,6,4,1
1484,6,6,1
1485,4,5,1
1486,11,7,1
1487,6,5,0
1488,0,0,0
1489,4,5,1
1490,6,6,1
1491,6,6,1
1492,4,2,0
1493,4,5,1
1494,0,0,0
1495,5,5,1
1496,7,8,1
1497,6,5,1
1498,5,6,0
1499,6,5,1
1500,6,6,1
1501,1,0,0
1502,5,5,1
1503,5,5,0
1504,7,7,0
1505,3,3,0
1506,4,4,0
1507,0,0,1
1508,13,12,1
1509,0,0,0
1510,0,0,0
1511,4,4,0
1512,0,0,1
1513,6,6,1
1514,0,0,0
1515,17,17,1
1516,0,0,0
1517,12,11,1
1518,0,0,0
1519,0,0,0
1520,1,0,0
1521,5,5,1
1522,4,0,0
1523,5,4,0
1524,0,0,0
1525,7,7,1
1526,6,4,0
1527,3,3,1
1528,6,4,1
1529,7,7,0
1530,2,3,0
1531,6,6,1
1532,6,4,1
1533,4,3,0
1534,5,5,1
1535,4,6,0
1536,0,0,0
1537,6,6,1
1538,2,3,0
1539,0,0,0
1540,3,4,0
1541,0,0,0
1542,1,0,0
1543,0,0,0
1544,4,3,0
1545,4,6,1
1546,5,5,0
1547,0,0,0
1548,0,0,0
1549,0,0,0
1550,16,13,1
1551,10,6,1
1552,14,12,1
1553,5,5,1
1554,6,6,1
1555,7,8,1
1556,0,0,0
1557,0,0,0
1558,0,0,0
1559,8,8,1
1560,7,4,0
1561,5,4,0
1562,3,5,1
1563,3,2,0
1564,6,4,0
1565,6,6,1
1566,7,8,1
1567,4,5,1
1568,0,2,0
1569,0,0,0
1570,12,7,0
1571,0,0,0
1572,0,0,0
1573,5,4,0
1574,8,5,1
1575,0,0,1
1576,5,4,0
1577,4,4,0
1578,3,3,0
1579,0,0,0
1580,6,6,1
1581,1,4,0
1582,0,1,0
1583,5,5,0
1584,5,6,1
1585,0,0,1
1586,4,4,0
1587,5,3,0
1588,2,1,0
1589,6,6,1
1590,1,0,0
1591,0,0,0
1592,4,2,0
1593,0,0,0
1594,2,4,0
1595,4,4,0
1596,6,6,0
1597,6,6,1
1598,4,5,0
1599,4,3,0
1600,0,0,1
1601,6,4,0
1602,5,3,0
1603,6,5,1
1604,2,0,0
1605,11,8,0
1606,4,6,1
1607,8,8,1
1608,6,5,0
1609,6,6,1
1610,3,2,0
1611,5,5,0
1612,6,8,1
1613,0,0,0
1614,6,6,1
1615,3,2,0
1616,4,4,1
1617,5,5,0
1618,6,6,0
1619,6,5,1
1620,6,5,1
1621,3,5,1
1622,6,4,0
1623,6,4,0
1624,10,9,0
1625,1,0,0
1626,6,5,1
1627,4,4,0
1628,3,4,0
1629,0,0,0
1630,4,4,1
1631,0,0,0
1632,5,5,1
1633,13,11,0
1634,5,5,1
1635,6,6,1
1636,3,4,1
1637,6,7,1
1638,0,0,0
1639,11,11,1
1640,7,8,1
1641,6,6,1
1642,7,8,1
1643,5,6,1
1644,5,1,0
1645,0,0,0
1646,12,11,1
1647,7,8,1
1648,7,7,0
1649,7,7,1
1650,7,7,0
1651,7,7,1
1652,5,5,0
1653,7,8,1
1654,6,0,0
1655,5,5,1
1656,5,5,1
1657,4,2,0
1658,0,0,1
1659,0,0,0
1660,11,7,1
1661,6,6,1
1662,7,8,1
1663,7,8,1
1664,5,4,1
1665,6,5,0
1666,6,6,1
1667,8,8,1
1668,5,5,0
1669,4,5,1
1670,4,4,0
1671,6,6,1
1672,5,4,0
1673,7,8,1
1674,6,6,1
1675,5,0,0
1676,0,0,0
1677,4,5,1
1678,4,5,1
1679,3,0,0
1680,3,2,0
1681,4,3,0
1682,4,5,0
1683,3,4,0
1684,6,5,1
1685,6,6,1
1686,0,5,1
1687,3,0,0
1688,0,0,0
1689,0,0,0
1690,0,0,0
1691,0,0,0
1692,7,8,1
1693,5,4,0
1694,0,0,0
1695,6,6,1
1696,5,6,1
1697,0,0,0
1698,7,0,0
1699,0,0,0
1700,8,8,1
1701,6,6,1
1702,0,0,0
1703,6,6,1
1704,6,6,1
1705,2,3,0
1706,0,0,0
1707,4,4,0
1708,4,4,0
1709,6,6,1
1710,4,7,0
1711,8,8,1
1712,5,5,0
1713,4,2,0
1714,6,6,1
1715,8,8,1
1716,7,6,1
1717,1,1,0
1718,0,2,0
1719,0,0,0
1720,5,5,1
1721,6,5,1
1722,11,12,1
1723,6,5,1
1724,17,17,1
1725,3,4,0
1726,16,13,1
1727,4,4,0
1728,0,0,0
1729,12,13,1
1730,5,5,1
1731,4,3,0
1732,3,2,0
1733,9,9,0
1734,2,3,0
1735,6,8,1
1736,8,8,1
1737,6,7,0
1738,6,6,1
1739,0,0,0
1740,5,3,0
1741,5,2,0
1742,6,5,0
1743,3,2,0
1744,1,0,0
1745,4,3,0
1746,5,4,0
1747,0,0,0
1748,0,0,0
1749,13,10,0
1750,7,4,0
1751,0,0,1
1752,5,4,0
1753,0,2,0
1754,0,0,0
1755,5,5,0
1756,10,10,0
1757,3,0,0
1758,6,6,1
1759,7,7,1
1760,6,6,1
1761,0,0,0
1762,6,6,1
1763,3,4,1
1764,11,9,1
1765,0,0,0
1766,3,1,0
1767,8,6,0
1768,0,0,0
1769,3,3,0
1770,4,5,0
1771,2,4,0
1772,6,6,1
1773,5,4,0
1774,5,3,0
1775,0,0,0
1776,9,7,1
1777,5,5,0
1778,4,4,1
1779,7,8,1
1780,5,5,0
1781,6,6,1
1782,7,7,0
1783,4,2,0
1784,7,8,0
1785,3,4,0
1786,0,0,0
1787,4,4,1
1788,4,0,0
1789,6,6,1
1790,7,7,1
1791,0,0,0
1792,3,2,0
1793,0,0,0
1794,4,6,0
1795,7,7,1
1796,6,6,1
1797,3,3,0
1798,5,3,0
1799,3,0,0
1800,5,5,0
1801,12,7,1
1802,4,5,1
1803,6,4,0
1804,0,0,0
1805,0,0,0
1806,5,3,0
1807,0,0,0
1808,5,4,0
1809,6,5,1
1810,6,6,1
1811,7,8,1
1812,5,5,0
1813,5,5,1
1814,0,0,0
1815,6,6,0
1816,13,13,1
1817,6,6,1
1818,0,0,0
1819,7,8,0
1820,5,3,0
1821,4,5,0
1822,1,0,0
1823,2,2,0
1824,6,6,1
1825,6,6,1
1826,6,6,1
1827,3,2,0
1828,0,0,0
1829,4,5,0
1830,5,4,0
1831,6,5,1
1832,5,5,1
1833,3,3,0
1834,6,8,1
1835,5,6,1
1836,9,7,1
1837,5,5,0
1838,8,8,1
1839,6,2,1
1840,0,0,0
1841,2,0,0
1842,5,3,1
1843,5,5,0
1844,7,8,1
1845,4,2,0
1846,6,4,0
1847,4,2,0
1848,6,8,1
1849,3,4,0
1850,0,0,0
1851,5,5,0
1852,5,5,1
1853,6,6,1
1854,2,2,0
1855,0,0,0
1856,6,6,1
1857,5,5,1
1858,6,6,1
1859,2,2,0
1860,0,0,0
1861,0,1,0
1862,2,0,0
1863,6,6,1
1864,0,0,0
1865,5,5,1
1866,2,0,0
1867,0,0,0
1868,12,11,1
1869,6,3,1
1870,0,0,0
1871,1,0,0
1872,7,9,1
1873,0,0,0
1874,6,4,1
1875,6,6,1
1876,0,0,0
1877,0,0,0
1878,0,0,0
1879,7,7,1
1880,5,6,0
1881,4,3,0
1882,0,0,0
1883,0,0,1
1884,4,3,0
1885,6,6,1
1886,6,4,0
1887,0,0,0
1888,6,5,1
1889,0,0,1
1890,0,0,1
1891,8,8,1
1892,4,0,0
1893,0,0,0
1894,17,17,1
1895,2,3,0
1896,4,2,0
1897,5,4,0
1898,0,0,1
1899,10,8,1
1900,6,6,1
1901,9,9,1
1902,6,6,1
1903,6,6,1
1904,6,6,1
1905,6,6,1
1906,7,8,1
1907,7,7,1
1908,5,5,0
1909,6,6,1
1910,5,5,1
1911,8,8,1
1912,7,8,1
1913,3,0,0
1914,5,5,1
1915,6,6,1
1916,6,6,1
1917,7,8,1
1918,5,5,1
1919,5,5,0
1920,5,2,0
1921,6,6,1
1922,5,3,0
1923,5,4,1
1924,1,0,0
1925,8,5,1
1926,5,5,1
1927,6,6,1
1928,5,5,0
1929,7,8,1
1930,7,8,1
1931,6,6,1
1932,5,4,1
1933,8,8,1
1934,6,7,1
1935,7,8,1
1936,6,4,1
1937,6,6,1
1938,5,1,0
1939,5,5,1
1940,6,6,1
1941,6,6,1
1942,6,6,1
1943,6,5,1
1944,6,6,0
1945,7,8,1
1946,8,8,1
1947,4,3,1
1948,6,6,1
1949,6,7,1
1950,0,0,0
1951,0,0,0
1952,0,0,0
1953,6,6,1
1954,5,5,0
1955,6,6,1
1956,5,2,0
1957,7,7,1
1958,5,6,0
1959,8,6,0
1960,6,6,1
1961,0,0,0
1962,5,5,1
1963,7,8,1
1964,4,3,1
1965,11,12,1
1966,3,3,1
1967,3,5,0
1968,4,3,0
1969,6,5,1
1970,8,3,0
1971,6,6,1
1972,5,5,0
1973,5,5,1
1974,7,8,1
1975,10,10,0
1976,4,7,0
1977,6,5,1
1978,6,3,0
1979,5,6,1
1980,4,5,1
1981,6,6,1
1982,3,5,1
1983,6,6,1
1984,8,8,1
1985,4,4,1
1986,8,8,1
1987,0,0,0
1988,6,8,1
1989,4,5,0
1990,5,5,1
1991,0,0,0
1992,6,4,0
1993,5,5,1
1994,0,0,0
1995,6,6,1
1996,6,6,1
1997,6,6,1
1998,1,0,0
1999,14,13,1
2000,6,3,0
2001,6,0,0
2002,6,5,1
2003,6,4,0
2004,0,0,0
2005,5,5,1
2006,6,6,1
2007,6,6,1
2008,0,0,1
2009,0,0,0
2010,6,6,1
2011,5,5,1
2012,5,5,0
2013,0,0,0
2014,0,0,0
2015,6,6,1
2016,5,5,1
2017,7,8,1
2018,5,5,0
2019,6,6,1
2020,0,0,0
2021,0,0,0
2022,0,0,0
2023,6,6,1
2024,2,4,0
2025,7,7,1
2026,0,0,1
2027,0,0,0
2028,6,6,1
2029,6,6,1
2030,7,8,1
2031,5,0,0
2032,6,4,1
2033,0,0,0
2034,6,6,1
2035,3,4,0
2036,2,1,0
2037,2,2,0
2038,5,4,1
2039,6,6,1
2040,3,2,0
2041,7,10,1
2042,6,6,1
2043,6,6,1
2044,6,4,1
2045,6,7,1
2046,0,0,0
2047,4,4,0
2048,7,8,1
2049,7,7,1
2050,4,5,1
2051,6,6,1
2052,2,0,0
2053,5,6,0
2054,7,8,1
2055,6,6,1
2056,12,11,1
2057,6,2,0
2058,5,4,1
2059,4,5,0
2060,7,8,1
2061,7,8,1
2062,7,7,1
2063,5,5,1
2064,5,5,1
2065,6,6,1
2066,6,6,1
2067,6,6,1
2068,5,5,0
2069,3,3,0
2070,6,6,1
2071,6,6,1
2072,6,5,1
2073,5,5,1
2074,6,6,1
2075,6,6,1
2076,6,6,1
2077,8,8,1
2078,7,7,1
2079,6,6,1
2080,7,7,1
2081,6,6,1
2082,7,8,1
2083,6,6,1
2084,6,6,1
2085,0,0,0
2086,0,0,0
2087,6,5,0
2088,6,6,1
2089,5,5,0
2090,6,6,1
2091,5,3,0
2092,7,7,1
2093,6,6,1
2094,6,5,0
2095,14,12,1
2096,0,0,0
2097,5,6,1
2098,8,8,1
2099,6,5,0
2100,5,5,0
2101,4,4,1
2102,7,8,1
2103,4,3,0
2104,6,6,1
2105,5,2,0
2106,1,4,0
2107,6,5,1
2108,2,3,0
2109,6,5,1
2110,1,3,0
2111,6,6,1
2112,7,8,1
2113,6,6,1
2114,5,4,0
2115,0,0,0
2116,6,6,1
2117,8,8,0
2118,6,5,1
2119,0,0,0
2120,2,0,0
2121,5,4,1
2122,5,5,1
2123,5,0,0
2124,0,0,1
2125,0,1,0
2126,6,8,0
2127,6,6,0
2128,0,0,0
2129,6,6,1
2130,6,4,0
2131,6,6,1
2132,3,5,1
2133,7,8,1
2134,7,7,1
2135,0,0,0
2136,4,6,1
2137,6,6,1
2138,7,8,1
2139,2,2,0
2140,7,7,0
2141,2,5,1
2142,6,6,1
2143,0,0,1
2144,6,6,1
2145,5,5,0
2146,5,6,1
2147,6,4,1
2148,5,5,1
2149,6,6,1
2150,7,7,1
2151,3,5,0
2152,7,8,1
2153,11,9,1
2154,6,6,1
2155,7,8,1
2156,0,0,0
2157,6,6,1
2158,5,5,1
2159,2,3,0
2160,7,7,1
2161,3,4,0
2162,0,0,0
2163,6,7,1
2164,6,6,1
2165,6,6,1
2166,7,7,1
2167,4,5,1
2168,7,8,1
2169,6,6,1
2170,7,7,1
2171,6,6,1
2172,6,3,1
2173,1,0,0
2174,11,11,1
2175,0,0,1
2176,6,6,1
2177,4,2,0
2178,7,8,1
2179,6,6,1
2180,0,0,0
2181,5,6,1
2182,6,8,1
2183,12,10,0
2184,1,2,0
2185,4,3,1
2186,6,5,0
2187,8,8,1
2188,6,3,1
2189,5,6,0
2190,0,0,0
2191,0,0,0
2192,5,4,0
2193,3,3,0
2194,0,0,1
2195,4,6,0
2196,2,4,0
2197,3,4,0
2198,3,2,0
2199,0,0,0
2200,4,0,0
2201,7,2,1
2202,5,4,1
2203,0,0,0
2204,5,5,1
2205,6,6,0
2206,0,0,0
2207,0,3,0
2208,3,3,0
2209,0,0,0
2210,7,7,1
2211,6,6,1
2212,5,3,0
2213,5,3,0
2214,6,6,1
2215,5,8,0
2216,6,4,1
2217,5,3,0
2218,6,6,1
2219,6,6,1
2220,7,7,1
2221,7,7,1
2222,4,3,0
2223,0,0,0
2224,7,7,1
2225,2,4,0
2226,5,5,1
2227,0,0,0
2228,5,4,0
2229,6,4,1
2230,0,0,1
2231,0,0,0
2232,2,0,0
2233,4,3,0
2234,3,4,0
2235,0,0,1
2236,4,2,0
2237,0,0,0
2238,6,3,0
2239,0,0,0
2240,6,5,1
2241,4,3,0
2242,5,2,0
2243,7,8,1
2244,3,1,0
2245,6,6,1
2246,6,6,0
2247,0,0,0
2248,0,0,0
2249,5,4,1
2250,6,2,0
2251,10,7,0
2252,8,5,0
2253,0,0,0
2254,2,0,0
2255,6,5,0
2256,21,12,0
2257,3,2,0
2258,2,3,0
2259,7,6,1
2260,6,6,0
2261,0,2,0
2262,2,0,0
2263,11,10,0
2264,5,5,0
2265,5,4,0
2266,2,1,0
2267,0,0,0
2268,4,3,0
2269,0,0,0
2270,0,0,0
2271,6,5,1
2272,3,5,0
2273,0,0,0
2274,0,0,0
2275,3,2,0
2276,6,6,1
2277,6,4,1
2278,5,3,0
2279,6,0,0
2280,17,12,1
2281,4,4,0
2282,5,5,0
2283,10,10,1
2284,6,4,0
2285,0,0,0
2286,5,5,1
2287,6,6,1
2288,4,2,0
2289,0,0,0
2290,2,2,0
2291,5,5,1
2292,3,3,0
2293,6,6,1
2294,0,0,0
2295,6,6,1
2296,0,1,0
2297,5,5,1
2298,4,6,1
2299,0,0,0
2300,3,1,0
2301,6,5,0
2302,5,2,0
2303,5,5,0
2304,0,0,0
2305,6,6,0
2306,2,0,0
2307,0,0,0
2308,0,0,0
2309,5,5,1
2310,6,6,1
2311,6,8,1
2312,4,0,0
2313,4,5,1
2314,6,6,1
2315,5,5,0
2316,2,2,0
2317,0,0,0
2318,0,0,0
2319,6,6,1
2320,4,0,0
2321,5,4,0
2322,1,1,0
2323,7,7,0
2324,6,6,1
2325,1,0,0
2326,0,1,0
2327,2,3,0
2328,0,0,1
2329,0,0,0
2330,0,0,0
2331,0,0,0
2332,5,5,1
2333,0,0,0
2334,6,6,1
2335,6,6,1
2336,4,5,0
2337,0,0,0
2338,4,3,0
2339,5,5,0
2340,0,0,0
2341,4,3,0
2342,18,12,1
2343,4,5,1
2344,7,8,1
2345,9,7,1
2346,4,4,0
2347,5,5,1
2348,0,0,0
2349,6,6,1
2350,7,7,1
2351,12,10,1
2352,4,5,1
2353,4,5,1
2354,0,0,0
2355,6,6,1
2356,0,0,1
2357,4,4,0
2358,6,6,1
2359,4,2,0
2360,1,1,0
2361,0,0,0
2362,3,5,1
2363,0,2,0
2364,4,4,0
2365,6,6,1
2366,13,11,0
2367,6,6,1
2368,6,5,0
2369,1,3,0
2370,6,5,0
2371,0,0,1
2372,0,0,0
2373,5,6,0
2374,4,3,0
2375,4,5,0
2376,4,4,1
2377,0,0,0
2378,8,3,0
2379,6,6,1
2380,5,6,1
2381,6,6,1
2382,6,5,0
2383,10,9,0
2384,4,0,0
2385,6,6,1
2386,5,3,0
2387,0,0,1
2388,4,2,0
2389,0,0,0
2390,6,4,0
2391,8,10,0
2392,2,3,0
2393,0,0,0
2394,5,5,1
2395,3,3,0
2396,0,0,0
2397,5,5,0
2398,6,6,1
2399,7,8,1
2400,4,4,0
2401,5,5,1
2402,3,3,0
2403,7,7,1
2404,4,4,0
2405,6,6,1
2406,0,0,1
2407,0,0,0
2408,0,0,0
2409,4,3,0
2410,0,0,0
2411,4,0,0
2412,3,4,0
2413,5,3,1
2414,8,10,1
2415,0,0,0
2416,4,4,0
2417,15,14,1
2418,11,11,1
2419,7,5,0
2420,0,0,0
2421,0,0,0
2422,6,5,1
2423,0,0,0
2424,0,0,0
2425,0,0,0
2426,0,0,0
2427,5,5,1
2428,6,6,0
2429,7,5,0
2430,4,5,1
2431,5,5,1
2432,6,6,0
2433,4,3,0
2434,0,3,0
2435,5,5,1
2436,13,12,1
2437,3,3,0
2438,11,10,0
2439,1,0,0
2440,0,0,0
2441,5,3,0
2442,0,1,0
2443,6,12,1
2444,0,0,0
2445,6,4,0
2446,7,5,0
2447,2,3,1
2448,0,0,0
2449,9,5,0
2450,0,0,0
2451,4,0,0
2452,5,4,1
2453,12,11,0
2454,0,0,0
2455,6,6,1
2456,6,6,1
2457,3,1,0
2458,0,0,0
2459,5,5,1
2460,4,0,0
2461,0,0,0
2462,0,0,0
2463,0,0,0
2464,4,4,0
2465,5,0,0
2466,4,1,0
2467,5,6,0
2468,4,3,0
2469,0,0,0
2470,5,2,0
2471,0,0,0
2472,4,3,0
2473,0,0,0
2474,6,6,1
2475,0,0,0
2476,20,20,1
2477,6,5,0
2478,7,7,1
2479,3,3,0
2480,0,0,0
2481,6,5,1
2482,5,5,1
2483,10,11,1
2484,5,5,1
2485,4,1,0
2486,0,0,0
2487,0,0,0
2488,3,2,0
2489,6,6,1
2490,3,4,0
2491,5,2,0
2492,4,7,0
2493,6,5,1
2494,6,6,1
2495,6,6,1
2496,0,0,1
2497,6,6,1
2498,0,0,0
2499,2,1,0
2500,6,5,1
2501,3,6,1
2502,20,14,1
2503,6,7,1
2504,0,0,0
2505,7,7,1
2506,7,8,1
2507,6,5,1
2508,0,0,1
2509,14,13,1
2510,5,0,0
2511,4,5,0
2512,7,8,1
2513,6,6,1
2514,6,5,0
2515,4,1,0
2516,6,4,1
2517,7,7,1
2518,6,6,1
2519,6,6,1
2520,6,6,1
2521,6,6,1
2522,7,7,1
2523,0,0,0
2524,6,0,0
2525,6,3,1
2526,6,6,0
2527,7,8,1
2528,6,6,1
2529,5,4,1
2530,6,6,1
2531,6,6,1
2532,3,6,1
2533,6,6,0
2534,6,6,1
2535,5,4,0
2536,5,5,0
2537,6,6,1
2538,6,5,1
2539,4,5,1
2540,2,0,0
2541,6,0,0
2542,7,8,1
2543,0,0,0
2544,3,4,0
2545,6,6,1
2546,6,6,1
2547,8,8,1
2548,6,6,1
2549,2,0,0
2550,15,11,1
2551,6,6,0
2552,6,6,1
2553,2,0,0
2554,3,3,0
2555,4,2,0
2556,4,5,1
2557,0,0,0
2558,5,2,0
2559,6,6,0
2560,6,5,1
2561,8,8,1
2562,2,0,0
2563,1,0,0
2564,6,6,1
2565,6,6,1
2566,7,8,1
2567,3,5,0
2568,5,5,0
2569,6,6,1
2570,8,8,1
2571,7,8,1
2572,6,6,1
2573,6,6,1
2574,6,6,1
2575,9,7,1
2576,4,3,0
2577,2,1,0
2578,6,6,1
2579,6,6,1
2580,6,6,1
2581,0,0,0
2582,5,5,1
2583,4,4,0
2584,6,6,1
2585,5,6,1
2586,3,3,0
2587,2,1,0
2588,3,2,0
2589,5,5,0
2590,0,0,0
2591,6,6,0
2592,9,10,1
2593,6,8,0
2594,2,1,0
2595,6,6,1
2596,5,5,0
2597,0,0,0
2598,2,4,0
2599,5,5,0
2600,6,5,0
2601,4,3,0
2602,6,6,1
2603,0,0,0
2604,2,1,0
2605,3,5,1
2606,5,5,1
2607,5,6,0
2608,6,4,1
2609,3,2,0
2610,6,8,1
2611,4,4,1
2612,5,5,1
2613,0,0,0
2614,5,3,0
2615,5,4,0
2616,5,0,0
2617,5,5,1
2618,6,5,0
2619,6,6,1
2620,9,10,0
2621,6,6,1
2622,11,10,1
2623,2,1,0
2624,6,6,1
2625,0,1,0
2626,7,8,1
2627,7,7,0
2628,4,4,0
2629,4,5,0
2630,2,1,0
2631,4,0,0
2632,8,8,1
2633,7,7,1
2634,6,4,0
2635,2,0,0
2636,3,0,0
2637,0,0,1
2638,5,5,1
2639,17,17,1
2640,0,0,0
2641,6,6,1
2642,3,0,0
2643,4,3,0
2644,5,5,1
2645,0,0,0
2646,7,7,0
2647,4,2,0
2648,6,2,0
2649,5,5,0
2650,5,8,0
2651,5,1,0
2652,6,6,1
2653,0,0,0
2654,7,7,1
2655,6,6,1
2656,0,0,1
2657,6,6,0
2658,0,0,0
2659,6,5,0
2660,4,4,0
2661,5,6,1
2662,4,4,0
2663,0,0,0
2664,5,5,1
2665,2,4,0
2666,6,6,1
2667,2,1,0
2668,7,7,0
2669,4,0,0
2670,4,5,0
2671,5,5,1
2672,3,1,0
2673,3,4,0
2674,4,6,1
2675,6,4,0
2676,0,2,0
2677,5,5,1
2678,0,0,0
2679,5,5,1
2680,12,12,1
2681,6,0,0
2682,0,1,0
2683,3,3,1
2684,0,0,0
2685,5,3,0
2686,5,3,0
2687,0,0,0
2688,0,0,0
2689,2,0,0
2690,4,2,0
2691,5,4,1
2692,5,4,1
2693,6,6,1
2694,6,6,1
2695,4,6,0
2696,0,0,0
2697,4,4,0
2698,5,8,0
2699,7,7,1
2700,0,0,0
2701,1,0,0
2702,0,0,0
2703,3,4,0
2704,0,0,0
2705,3,1,0
2706,4,5,1
2707,0,0,0
2708,6,6,1
2709,7,7,0
2710,5,6,1
2711,0,0,0
2712,2,0,0
2713,6,5,1
2714,6,6,0
2715,5,7,1
2716,0,0,0
2717,7,6,1
2718,7,7,1
2719,6,6,1
2720,6,6,1
2721,3,4,0
2722,4,3,0
2723,2,2,0
2724,6,6,1
2725,1,2,0
2726,5,6,1
2727,7,7,1
2728,6,5,0
2729,4,5,1
2730,6,6,1
2731,6,6,1
2732,7,7,0
2733,2,3,0
2734,5,5,1
2735,6,6,1
2736,7,8,1
2737,6,4,0
2738,5,5,1
2739,4,5,1
2740,6,6,1
2741,6,6,1
2742,6,6,1
2743,6,6,1
2744,6,5,0
2745,6,6,1
2746,7,6,0
2747,0,0,0
2748,0,0,0
2749,4,5,0
2750,0,0,0
2751,6,6,1
2752,0,0,0
2753,10,10,1
2754,10,5,0
2755,15,9,1
2756,1,1,0
2757,0,0,0
2758,0,0,0
2759,4,4,0
2760,6,7,0
2761,8,6,0
2762,3,3,0
2763,10,7,1
2764,3,3,0
2765,8,8,1
2766,7,7,1
2767,0,0,0
2768,5,5,1
2769,0,1,0
2770,7,8,1
2771,8,8,1
2772,5,5,0
2773,8,8,1
2774,5,7,0
2775,7,7,1
2776,0,0,0
2777,4,5,0
2778,17,12,1
2779,5,5,1
2780,7,8,1
2781,3,1,0
2782,3,2,0
2783,5,6,0
2784,6,6,1
2785,11,7,1
2786,3,1,0
2787,3,4,0
2788,0,0,0
2789,0,0,0
2790,2,1,0
2791,6,6,1
2792,8,7,1
2793,0,0,1
2794,0,0,0
2795,7,8,1
2796,0,0,0
2797,6,5,1
2798,14,14,1
2799,5,3,0
2800,6,6,1
2801,0,0,0
2802,6,6,1
2803,6,6,1
2804,6,6,1
2805,6,6,1
2806,5,6,1
2807,6,6,0
2808,6,6,1
2809,4,6,0
2810,6,6,1
2811,5,5,0
2812,7,8,1
2813,3,4,1
2814,0,0,1
2815,5,6,1
2816,6,6,1
2817,4,4,0
2818,9,7,1
2819,0,3,0
2820,7,7,1
2821,0,0,0
2822,6,6,1
2823,6,5,0
2824,5,5,0
2825,6,4,0
2826,6,5,1
2827,4,2,1
2828,6,6,0
2829,0,0,0
2830,5,4,1
2831,5,4,0
2832,6,6,0
2833,3,2,0
2834,6,5,1
2835,12,11,1
2836,0,0,0
2837,3,5,0
2838,0,0,0
2839,6,6,1
2840,3,2,0
2841,19,13,1
2842,6,5,1
2843,0,0,0
2844,2,3,0
2845,6,6,1
2846,1,0,0
2847,0,0,0
2848,13,10,0
2849,4,5,1
2850,0,0,0
2851,6,6,1
2852,11,11,1
2853,6,6,1
2854,0,0,0
2855,5,7,0
2856,6,6,1
2857,0,0,0
2858,5,5,1
2859,5,4,0
2860,4,4,1
2861,5,5,1
2862,6,6,1
2863,21,19,1
2864,5,5,0
2865,5,5,1
2866,0,0,0
2867,6,4,1
2868,4,5,0
2869,5,5,1
2870,17,17,1
2871,0,0,0
2872,6,9,0
2873,13,13,1
2874,0,0,0
2875,15,12,0
2876,0,0,0
2877,5,4,0
2878,11,8,0
2879,4,3,0
2880,5,4,1
2881,8,5,0
2882,1,2,0
2883,6,6,1
2884,13,12,1
2885,11,8,1
2886,5,5,1
2887,6,6,1
2888,6,6,1
2889,6,5,1
2890,8,6,1
2891,0,0,0
2892,6,6,1
2893,9,6,0
2894,6,5,1
2895,6,6,1
2896,4,5,0
2897,7,8,1
2898,7,7,1
2899,0,0,1
2900,11,12,0
2901,0,0,0
2902,7,8,1
2903,6,6,1
2904,4,3,0
2905,6,6,1
2906,6,6,1
2907,6,6,1
2908,8,7,1
2909,5,4,0
2910,0,0,0
2911,8,8,1
2912,0,0,0
2913,6,6,1
2914,0,0,0
2915,6,5,0
2916,12,10,1
2917,6,7,1
2918,14,12,0
2919,0,0,0
2920,0,0,1
2921,4,0,0
2922,6,5,0
2923,1,0,0
2924,7,7,1
2925,6,6,1
2926,6,6,1
2927,4,5,1
2928,0,0,0
2929,1,1,0
2930,0,2,0
2931,1,0,0
2932,0,0,0
2933,7,7,1
2934,0,0,0
2935,1,4,0
2936,0,0,0
2937,4,0,0
2938,4,4,0
2939,0,0,0
2940,5,6,1
2941,7,8,0
2942,12,11,1
2943,6,11,1
2944,7,8,1
2945,4,3,0
2946,0,0,0
2947,6,6,1
2948,6,6,1
2949,3,1,0
2950,6,5,1
2951,6,6,1
2952,5,3,0
2953,0,0,0
2954,6,5,1
2955,0,0,1
2956,0,0,0
2957,11,8,1
2958,3,2,0
2959,6,6,1
2960,4,6,1
2961,7,7,1
2962,2,1,0
2963,5,4,1
2964,6,6,0
2965,5,5,1
2966,7,8,1
2967,0,0,0
2968,4,6,1
2969,5,5,1
2970,10,4,1
2971,1,2,0
2972,3,4,0
2973,4,3,1
2974,0,0,0
2975,10,10,1
2976,6,6,1
2977,14,16,0
2978,6,5,1
2979,4,4,0
2980,6,6,1
2981,6,6,1
2982,7,8,1
2983,6,6,1
2984,6,6,1
2985,6,6,1
2986,4,4,0
2987,6,6,1
2988,12,11,1
2989,4,5,0
2990,6,4,1
2991,7,7,1
2992,0,0,0
2993,5,6,1
2994,6,6,1
2995,7,8,1
2996,5,5,1
2997,4,4,0
2998,6,6,1
2999,0,0,0
3000,7,7,0
3001,7,7,1
3002,6,5,0
3003,7,8,0
3004,5,5,1
3005,7,8,1
3006,4,4,1
3007,2,4,0
3008,5,4,0
3009,7,8,1
3010,6,6,1
3011,5,3,0
3012,6,7,1
3013,6,6,1
3014,0,0,0
3015,7,8,1
3016,11,9,1
3017,7,8,1
3018,5,5,1
3019,5,5,1
3020,3,5,1
3021,6,8,1
3022,4,4,0
3023,0,0,1
3024,0,0,1
3025,7,7,1
3026,6,6,0
3027,4,3,0
3028,8,7,1
3029,4,4,1
3030,14,11,0
3031,7,8,1
3032,6,8,1
3033,6,6,1
3034,5,5,1
3035,6,6,1
3036,0,0,0
3037,6,6,1
3038,6,6,1
3039,4,6,0
3040,6,6,0
3041,6,7,0
3042,6,5,1
3043,6,6,1
3044,6,6,1
3045,5,4,1
3046,3,4,0
3047,6,5,0
3048,5,5,1
3049,4,5,1
3050,5,3,0
3051,2,3,0
3052,6,6,1
3053,5,3,0
3054,6,6,1
3055,3,2,0
3056,6,6,1
3057,0,0,0
3058,7,7,1
3059,7,7,1
3060,6,6,0
3061,2,0,0
3062,4,4,0
3063,6,6,1
3064,5,6,1
3065,0,0,0
3066,6,8,1
3067,5,5,0
3068,6,5,1
3069,0,0,0
3070,6,4,0
3071,0,0,0
3072,5,5,0
3073,4,3,0
3074,12,9,0
3075,5,5,0
3076,3,3,0
3077,0,0,0
3078,5,4,1
3079,5,2,0
3080,5,5,1
3081,7,8,1
3082,11,11,1
3083,0,0,0
3084,5,6,1
3085,6,4,0
3086,15,14,1
3087,3,4,1
3088,7,7,1
3089,0,0,0
3090,4,6,1
3091,5,5,0
3092,6,6,1
3093,20,20,1
3094,1,0,0
3095,6,6,1
3096,6,6,1
3097,4,0,0
3098,5,6,0
3099,1,0,0
3100,7,8,1
3101,5,5,1
3102,3,4,0
3103,0,0,0
3104,6,6,1
3105,5,5,0
3106,8,8,1
3107,7,8,1
3108,6,6,0
3109,5,5,1
3110,0,0,0
3111,7,8,1
3112,6,6,0
3113,5,5,0
3114,6,6,1
3115,6,6,1
3116,0,0,0
3117,6,6,1
3118,5,4,1
3119,3,3,0
3120,5,6,0
3121,7,8,1
3122,3,4,0
3123,6,6,1
3124,7,8,1
3125,15,13,1
3126,6,3,0
3127,5,5,1
3128,5,5,1
3129,6,6,1
3130,6,5,1
3131,7,7,1
3132,6,6,1
3133,6,8,0
3134,7,5,0
3135,0,0,1
3136,4,4,1
3137,6,6,1
3138,6,6,1
3139,5,4,0
3140,6,6,1
3141,4,5,1
3142,1,0,0
3143,7,7,1
3144,6,6,1
3145,7,8,1
3146,6,6,1
3147,5,6,0
3148,5,4,0
3149,5,4,1
3150,4,2,0
3151,0,0,0
3152,6,6,1
3153,12,11,1
3154,6,6,0
3155,2,3,0
3156,9,8,1
3157,3,2,0
3158,6,3,0
3159,3,2,0
3160,0,0,1
3161,6,5,1
3162,7,7,1
3163,6,6,1
3164,5,5,1
3165,5,4,1
3166,2,1,0
3167,3,3,0
3168,6,6,0
3169,7,4,1
3170,4,5,1
3171,5,4,0
3172,5,4,0
3173,5,6,1
3174,5,6,0
3175,0,0,0
3176,6,8,1
3177,6,6,0
3178,7,7,1
3179,5,5,0
3180,6,6,1
3181,5,3,0
3182,11,8,1
3183,4,4,0
3184,6,5,1
3185,0,0,0
3186,0,0,0
3187,0,0,0
3188,1,0,0
3189,0,0,0
3190,0,0,0
3191,4,4,0
3192,3,3,0
3193,7,4,0
3194,7,9,0
3195,0,0,0
3196,5,5,0
3197,5,3,1
3198,0,0,0
3199,7,7,1
3200,0,0,0
3201,6,6,1
3202,6,3,0
3203,4,3,0
3204,6,0,0
3205,0,0,0
3206,5,5,1
3207,6,6,0
3208,4,5,0
3209,5,4,1
3210,6,6,1
3211,0,0,0
3212,6,6,1
3213,0,0,0
3214,6,6,1
3215,6,6,1
3216,5,2,0
3217,3,4,1
3218,9,7,0
3219,0,0,0
3220,1,0,0
3221,5,5,0
3222,6,6,1
3223,0,0,0
3224,1,4,0
3225,8,8,1
3226,6,6,1
3227,4,4,0
3228,7,8,1
3229,6,6,1
3230,7,7,1
3231,4,4,0
3232,4,5,1
3233,0,0,0
3234,7,8,1
3235,7,8,1
3236,5,5,1
3237,3,4,0
3238,7,8,1
3239,6,6,1
3240,3,5,0
3241,14,11,1
3242,3,1,0
3243,8,8,1
3244,5,3,0
3245,6,6,0
3246,6,6,1
3247,6,6,1
3248,5,5,1
3249,6,6,1
3250,1,0,0
3251,4,4,1
3252,0,0,0
3253,3,1,0
3254,6,6,1
3255,4,4,1
3256,6,6,1
3257,5,6,1
3258,7,5,1
3259,6,6,1
3260,4,5,1
3261,5,5,1
3262,0,0,0
3263,4,5,1
3264,5,1,0
3265,6,6,1
3266,5,5,1
3267,3,5,0
3268,0,0,0
3269,7,5,0
3270,4,2,0
3271,8,7,1
3272,11,10,1
3273,6,6,0
3274,1,0,0
3275,13,7,1
3276,10,5,0
3277,5,5,1
3278,1,2,0
3279,2,6,1
3280,7,8,1
3281,12,8,0
3282,9,9,0
3283,6,6,1
3284,4,4,0
3285,5,5,1
3286,1,0,0
3287,4,3,0
3288,4,5,1
3289,18,13,1
3290,1,0,0
3291,1,0,0
3292,2,1,0
3293,7,7,0
3294,6,6,0
3295,4,4,1
3296,5,6,0
3297,4,5,0
3298,6,6,1
3299,0,0,0
3300,0,0,0
3301,7,8,1
3302,7,8,1
3303,5,5,1
3304,6,6,1
3305,6,6,1
3306,10,11,1
3307,11,7,1
3308,8,8,1
3309,0,0,0
3310,6,5,1
3311,6,6,0
3312,5,6,0
3313,6,5,0
3314,0,0,0
3315,5,5,1
3316,1,2,0
3317,0,0,1
3318,4,1,0
3319,5,6,1
3320,6,3,1
3321,0,0,0
3322,2,0,0
3323,5,5,0
3324,0,0,0
3325,5,2,0
3326,9,8,1
3327,0,1,0
3328,1,2,0
3329,5,3,0
3330,5,6,1
3331,5,5,0
3332,2,2,0
3333,1,3,0
3334,4,5,1
3335,0,1,0
3336,2,0,0
3337,7,4,0
3338,3,3,0
3339,4,4,0
3340,0,0,0
3341,5,4,0
3342,6,6,1
3343,1,2,0
3344,5,3,0
3345,2,1,0
3346,0,0,0
3347,0,0,0
3348,6,5,1
3349,2,0,0
3350,6,6,0
3351,1,2,0
3352,3,2,0
3353,6,5,1
3354,8,8,1
3355,2,0,0
3356,1,3,0
3357,0,0,0
3358,0,0,0
3359,4,5,0
3360,3,5,0
3361,6,6,1
3362,5,5,1
3363,0,0,0
3364,5,4,0
3365,2,1,0
3366,2,3,0
3367,6,6,1
3368,7,7,0
3369,4,3,0
3370,0,0,0
3371,7,7,1
3372,6,6,1
3373,5,5,1
3374,6,6,1
3375,6,6,1
3376,6,6,1
3377,7,7,1
3378,4,3,0
3379,6,6,1
3380,3,3,0
3381,13,11,0
3382,6,6,1
3383,0,0,0
3384,2,3,0
3385,5,6,1
3386,7,8,1
3387,6,6,1
3388,12,11,1
3389,2,5,0
3390,7,7,1
3391,8,8,1
3392,5,6,1
3393,5,5,1
3394,4,3,0
3395,11,9,1
3396,0,4,0
3397,8,8,1
3398,6,6,1
3399,6,6,1
3400,6,6,1
3401,6,5,0
3402,5,6,1
3403,7,8,1
3404,5,4,0
3405,0,0,1
3406,5,5,0
3407,8,8,1
3408,0,0,0
3409,6,6,1
3410,6,4,0
3411,7,7,1
3412,1,0,0
3413,0,0,0
3414,6,7,1
3415,6,6,0
3416,6,6,0
3417,2,0,0
3418,7,7,1
3419,6,6,1
3420,8,8,1
3421,0,0,0
3422,6,2,0
3423,5,5,0
3424,0,0,0
3425,3,0,0
3426,5,2,0
3427,6,6,1
3428,4,6,0
3429,0,0,0
3430,6,6,1
3431,7,7,1
3432,6,6,1
3433,7,8,0
3434,6,6,0
3435,6,6,1
3436,6,6,1
3437,8,9,0
3438,6,8,1
3439,2,2,0
3440,6,7,0
3441,3,5,0
3442,6,5,1
3443,6,6,1
3444,6,4,0
3445,7,7,1
3446,6,6,0
3447,0,0,1
3448,6,6,1
3449,7,8,1
3450,5,5,0
3451,4,5,0
3452,7,7,1
3453,7,7,1
3454,2,1,0
3455,6,6,1
3456,13,11,1
3457,6,6,1
3458,5,6,1
3459,0,0,0
3460,6,6,1
3461,5,5,0
3462,4,3,0
3463,3,5,0
3464,6,6,1
3465,0,0,0
3466,4,2,0
3467,7,8,1
3468,5,4,0
3469,7,7,0
3470,7,7,1
3471,6,6,1
3472,0,0,0
3473,14,13,0
3474,0,0,0
3475,6,5,1
3476,18,13,1
3477,6,5,0
3478,7,1,0
3479,6,6,1
3480,8,8,1
3481,0,0,1
3482,0,0,0
3483,5,5,0
3484,5,4,0
3485,3,5,0
3486,7,7,1
3487,0,0,0
3488,2,3,0
3489,5,5,1
3490,0,0,0
3491,0,0,0
3492,0,1,0
3493,0,0,0
3494,5,4,1
3495,6,6,1
3496,2,3,0
3497,4,4,0
3498,6,6,1
3499,0,0,0
3500,5,5,0
3501,6,0,0
3502,6,6,1
3503,6,4,1
3504,6,5,1
3505,0,0,0
3506,0,0,0
3507,5,5,1
3508,4,4,0
3509,7,8,1
3510,7,8,0
3511,5,2,0
3512,0,0,0
3513,1,0,0
3514,3,4,0
3515,1,4,0
3516,0,0,0
3517,0,1,0
3518,4,2,0
3519,7,6,0
3520,5,5,1
3521,13,12,0
3522,6,6,1
3523,2,3,0
3524,5,5,0
3525,6,6,1
3526,5,5,0
3527,5,6,0
3528,4,3,0
3529,5,7,0
3530,6,5,1
3531,8,9,0
3532,5,5,1
3533,0,0,0
3534,2,0,0
3535,13,9,0
3536,0,0,0
3537,0,0,0
3538,4,4,0
3539,6,6,1
3540,1,0,0
3541,6,2,0
3542,4,4,0
3543,5,5,0
3544,2,3,0
3545,6,6,1
3546,7,8,1
3547,0,0,0
3548,0,0,0
3549,6,6,1
3550,6,5,0
3551,0,0,0
3552,3,3,0
3553,5,5,0
3554,6,5,0
3555,6,6,1
3556,6,4,0
3557,0,0,0
3558,6,6,0
3559,5,4,1
3560,5,0,0
3561,6,6,1
3562,0,0,0
3563,2,2,0
3564,0,0,0
3565,3,3,0
3566,18,18,1
3567,5,5,1
3568,3,5,1
3569,0,0,0
3570,5,4,1
3571,5,5,1
3572,7,5,0
3573,0,0,0
3574,6,6,1
3575,6,6,1
3576,5,4,1
3577,2,2,0
3578,0,0,0
3579,6,6,1
3580,5,5,1
3581,7,7,1
3582,0,0,0
3583,4,5,0
3584,9,7,1
3585,2,2,0
3586,0,0,0
3587,12,12,1
3588,5,4,1
3589,0,0,0
3590,0,0,0
3591,7,7,0
3592,9,6,0
3593,6,5,0
3594,2,5,0
3595,3,1,0
3596,3,3,0
3597,6,6,1
3598,6,5,1
3599,11,6,0
3600,0,0,0
3601,6,6,1
3602,6,6,1
3603,5,3,0
3604,6,6,1
3605,5,3,1
3606,5,5,0
3607,0,0,0
3608,5,5,0
3609,0,0,0
3610,2,3,0
3611,6,6,1
3612,4,2,0
3613,3,2,0
3614,7,6,0
3615,3,4,0
3616,5,5,0
3617,5,5,0
3618,6,6,1
3619,6,6,1
3620,4,5,0
3621,7,8,1
3622,6,6,1
3623,4,0,0
3624,3,4,1
3625,1,1,0
3626,7,2,0
3627,6,5,0
3628,0,0,0
3629,6,6,1
3630,6,7,1
3631,6,2,0
3632,3,2,0
3633,9,7,1
3634,4,4,1
3635,18,18,1
3636,6,6,1
3637,7,6,0
3638,7,8,1
3639,6,6,1
3640,6,6,1
3641,0,0,0
3642,6,5,1
3643,4,5,1
3644,6,6,1
3645,6,6,1
3646,3,4,0
3647,0,0,0
3648,7,7,1
3649,6,1,0
3650,12,11,1
3651,5,4,0
3652,7,8,1
3653,6,5,0
3654,6,6,1
3655,6,6,1
3656,3,3,1
3657,6,7,1
3658,5,5,1
3659,2,4,0
3660,0,0,0
3661,6,6,1
3662,3,5,1
3663,6,7,1
3664,6,7,0
3665,6,5,0
3666,8,5,0
3667,0,0,0
3668,6,6,1
3669,6,6,1
3670,12,11,1
3671,6,6,1
3672,6,6,1
3673,6,4,1
3674,6,6,1
3675,6,6,1
3676,9,4,1
3677,1,0,0
3678,6,6,1
3679,6,6,1
3680,0,0,0
3681,5,5,0
3682,0,0,0
3683,0,0,1
3684,2,4,0
3685,6,6,0
3686,11,11,0
3687,1,0,0
3688,5,4,1
3689,1,3,0
3690,5,4,1
3691,1,1,0
3692,1,0,0
3693,5,2,0
3694,0,0,0
3695,2,1,0
3696,6,5,1
3697,5,2,0
3698,5,7,1
3699,0,0,0
3700,6,5,0
3701,5,3,0
3702,0,0,0
3703,0,0,0
3704,6,6,1
3705,5,4,0
3706,5,4,1
3707,0,0,1
3708,6,5,0
3709,3,4,0
3710,4,5,1
3711,0,0,0
3712,3,3,0
3713,0,0,0
3714,0,0,0
3715,2,2,0
3716,2,2,0
3717,0,0,1
3718,2,0,0
3719,6,0,0
3720,1,0,0
3721,1,0,0
3722,0,0,0
3723,1,3,0
3724,4,5,0
3725,5,6,0
3726,0,0,0
3727,4,5,1
3728,11,10,1
3729,12,12,1
3730,6,7,1
3731,5,4,0
3732,0,0,1
3733,6,4,0
3734,5,7,0
3735,6,6,1
3736,5,4,0
3737,5,2,0
3738,5,5,1
3739,0,2,0
3740,5,5,0
3741,3,5,0
3742,5,6,1
3743,6,4,0
3744,0,0,0
3745,0,0,1
3746,8,8,1
3747,0,4,1
3748,0,0,0
3749,6,6,1
3750,7,7,1
3751,10,12,1
3752,6,5,1
3753,6,6,1
3754,1,0,0
3755,7,8,0
3756,5,5,1
3757,7,8,1
3758,5,4,0
3759,0,0,0
3760,13,14,1
3761,0,0,0
3762,6,6,1
3763,6,6,1
3764,6,5,1
3765,6,6,1
3766,6,6,1
3767,3,0,0
3768,5,5,0
3769,6,5,0
3770,0,0,0
3771,5,5,1
3772,6,6,1
3773,0,0,0
3774,6,6,1
3775,4,2,0
3776,6,6,1
3777,6,6,1
3778,4,2,0
3779,3,3,0
3780,7,7,1
3781,6,6,1
3782,7,7,1
3783,5,6,0
3784,4,4,0
3785,3,3,0
3786,0,0,0
3787,5,0,0
3788,5,6,0
3789,3,2,0
3790,7,8,1
3791,4,3,0
3792,0,0,0
3793,0,0,0
3794,1,2,0
3795,5,5,1
3796,6,5,1
3797,0,0,0
3798,6,6,1
3799,0,0,0
3800,0,0,0
3801,7,7,1
3802,9,7,1
3803,9,7,1
3804,4,2,0
3805,4,2,0
3806,6,6,1
3807,6,6,1
3808,17,16,0
3809,4,5,0
3810,5,5,0
3811,4,4,0
3812,9,9,1
3813,14,11,1
3814,9,7,1
3815,7,7,0
3816,4,3,0
3817,18,13,1
3818,0,0,0
3819,0,0,0
3820,5,2,0
3821,0,0,0
3822,6,6,1
3823,4,2,0
3824,0,1,0
3825,0,0,0
3826,3,3,0
3827,5,5,1
3828,0,1,0
3829,6,4,0
3830,7,7,1
3831,5,5,0
3832,7,7,0
3833,0,0,0
3834,4,6,1
3835,3,5,0
3836,0,3,0
3837,4,3,0
3838,1,1,0
3839,0,0,0
3840,6,3,0
3841,4,3,0
3842,3,0,0
3843,1,1,0
3844,3,5,1
3845,0,0,0
3846,3,0,0
3847,0,0,0
3848,8,5,0
3849,6,6,1
3850,0,0,0
3851,5,5,0
3852,0,2,0
3853,14,12,0
3854,2,0,0
3855,6,6,1
3856,6,5,1
3857,5,5,1
3858,0,0,0
3859,1,1,0
3860,1,4,0
3861,1,0,0
3862,5,6,1
3863,6,6,1
3864,3,2,0
3865,2,0,0
3866,0,0,0
3867,7,7,1
3868,6,4,1
3869,4,3,0
3870,6,5,1
3871,5,5,1
3872,6,6,1
3873,4,0,0
3874,0,0,0
3875,0,0,0
3876,7,7,0
3877,8,8,1
3878,6,6,1
3879,5,5,1
3880,6,6,1
3881,6,6,1
3882,4,4,0
3883,5,4,1
3884,7,7,1
3885,6,6,1
3886,6,5,0
3887,4,4,0
3888,5,5,1
3889,7,8,1
3890,7,6,0
3891,6,6,0
3892,4,4,1
3893,1,2,0
3894,4,5,0
3895,6,6,1
3896,1,0,0
3897,7,8,1
3898,5,5,1
3899,5,5,0
3900,6,6,1
3901,4,3,0
3902,4,4,0
3903,3,3,0
3904,0,0,0
3905,6,3,1
3906,7,7,1
3907,4,3,0
3908,6,6,1
3909,0,0,0
3910,6,5,0
3911,6,6,1
3912,5,5,1
3913,4,4,1
3914,5,8,0
3915,5,5,1
3916,4,6,1
3917,6,6,1
3918,3,3,0
3919,7,7,1
3920,6,3,1
3921,6,8,1
3922,4,6,1
3923,8,7,1
3924,11,9,0
3925,1,0,0
3926,8,8,1
3927,6,5,0
3928,0,0,1
3929,5,4,0
3930,6,6,1
3931,6,6,1
3932,8,10,1
3933,1,2,0
3934,0,0,0
3935,4,4,0
3936,2,4,0
3937,4,2,0
3938,7,8,1
3939,7,8,1
3940,3,4,0
3941,0,0,0
3942,6,4,1
3943,0,0,0
3944,0,0,0
3945,6,6,1
3946,0,0,1
3947,0,0,0
3948,5,5,1
3949,5,5,1
3950,6,3,0
3951,0,0,0
3952,7,7,1
3953,5,5,1
3954,2,1,0
3955,0,0,0
3956,5,5,1
3957,4,4,1
3958,7,8,1
3959,6,6,1
3960,0,0,0
3961,26,17,1
3962,6,6,1
3963,12,10,1
3964,5,2,0
3965,8,8,1
3966,3,4,0
3967,0,0,0
3968,6,3,1
3969,5,5,1
3970,6,5,1
3971,6,7,1
3972,4,5,1
3973,7,8,1
3974,4,5,1
3975,7,8,1
3976,7,8,1
3977,6,6,1
3978,7,7,1
3979,5,5,0
3980,6,6,1
3981,6,6,1
3982,5,7,1
3983,6,6,1
3984,0,0,0
3985,6,6,1
3986,4,5,1
3987,6,6,1
3988,5,3,1
3989,13,11,1
3990,16,9,1
3991,4,2,0
3992,6,6,1
3993,6,5,1
3994,12,9,1
3995,2,0,0
3996,3,2,0
3997,7,8,1
3998,5,3,0
3999,6,8,0
4000,0,0,0
4001,0,0,0
4002,6,6,1
4003,6,6,1
4004,6,6,1
4005,0,0,0
4006,6,6,1
4007,3,0,0
4008,4,0,0
4009,0,0,0
4010,0,0,0
4011,3,3,0
4012,0,0,0
4013,7,8,1
4014,7,8,1
4015,3,3,0
4016,3,4,0
4017,0,0,0
4018,6,6,1
4019,8,8,1
4020,3,0,0
4021,7,7,1
4022,5,5,1
4023,6,6,0
4024,0,2,0
4025,5,5,0
4026,12,9,1
4027,6,6,0
4028,6,6,1
4029,3,0,0
4030,5,5,1
4031,12,10,0
4032,8,8,1
4033,0,0,0
4034,0,0,0
4035,0,0,0
4036,6,5,1
4037,1,5,0
4038,6,6,1
4039,7,7,1
4040,5,5,1
4041,6,6,1
4042,5,6,1
4043,7,7,0
4044,6,6,1
4045,0,0,0
4046,6,4,1
4047,7,7,1
4048,7,7,1
4049,6,7,1
4050,0,0,0
4051,6,6,1
4052,4,3,0
4053,5,6,0
4054,6,6,1
4055,4,4,0
4056,6,3,1
4057,6,4,0
4058,6,6,1
4059,0,0,0
4060,6,6,1
4061,4,5,1
4062,11,9,1
4063,5,5,1
4064,12,11,0
4065,6,5,0
4066,7,8,1
4067,0,0,0
4068,5,5,1
4069,6,6,1
4070,7,8,1
4071,4,4,0
4072,6,6,0
4073,6,6,1
4074,7,8,1
4075,0,0,0
4076,7,7,1
4077,2,0,0
4078,5,5,1
4079,6,5,0
4080,0,0,0
4081,2,4,0
4082,4,4,0
4083,5,5,1
4084,0,0,0
4085,6,3,0
4086,6,6,1
4087,7,7,0
4088,8,9,0
4089,3,1,0
4090,5,6,1
4091,2,3,0
4092,6,0,0
4093,6,6,1
4094,4,6,1
4095,6,6,1
4096,6,6,1
4097,12,11,1
4098,0,0,0
4099,0,0,0
4100,7,8,0
4101,6,6,1
4102,6,6,1
4103,5,4,0
4104,6,6,1
4105,5,5,1
4106,4,5,1
4107,6,6,0
4108,7,7,1
4109,4,5,1
4110,7,7,1
4111,7,8,1
4112,7,7,1
4113,0,0,0
4114,6,6,1
4115,6,3,0
4116,6,6,0
4117,7,7,1
4118,5,5,1
4119,4,5,1
4120,7,7,1
4121,6,6,1
4122,5,6,1
4123,6,6,1
4124,2,5,0
4125,7,7,0
4126,3,4,0
4127,6,6,1
4128,6,6,1
4129,6,6,1
4130,7,8,1
4131,7,7,1
4132,8,8,0
4133,5,5,0
4134,4,6,1
4135,5,5,1
4136,7,7,1
4137,6,5,1
4138,3,4,0
4139,4,4,1
4140,0,0,0
4141,2,1,0
4142,6,6,1
4143,5,7,0
4144,6,8,0
4145,0,0,0
4146,4,4,0
4147,4,2,0
4148,2,2,0
4149,12,12,1
4150,6,6,1
4151,5,5,1
4152,5,4,1
4153,0,0,0
4154,3,3,0
4155,5,6,1
4156,7,7,0
4157,1,2,0
4158,6,7,1
4159,6,6,1
4160,5,6,1
4161,5,5,0
4162,6,3,0
4163,6,6,1
4164,0,0,0
4165,7,8,1
4166,4,4,0
4167,6,6,1
4168,4,4,1
4169,0,0,0
4170,4,3,0
4171,0,4,0
4172,1,1,0
4173,7,8,1
4174,6,6,1
4175,7,7,1
4176,6,6,1
4177,6,5,0
4178,7,7,1
4179,7,8,1
4180,4,3,0
4181,0,0,0
4182,5,3,0
4183,5,5,1
4184,5,5,1
4185,0,0,0
4186,3,4,0
4187,5,6,1
4188,4,5,1
4189,12,8,1
4190,3,6,0
4191,6,4,0
4192,4,5,0
4193,6,4,1
4194,2,0,0
4195,6,4,1
4196,7,7,1
4197,6,6,1
4198,3,4,0
4199,7,7,1
4200,4,5,1
4201,6,6,1
4202,0,0,0
4203,5,6,1
4204,5,4,0
4205,6,6,1
4206,6,4,1
4207,7,8,1
4208,0,0,0
4209,5,5,1
4210,6,4,1
4211,6,6,1
4212,6,6,1
4213,5,5,1
4214,7,8,1
4215,0,0,0
4216,0,0,0
4217,6,6,1
4218,6,6,0
4219,5,6,1
4220,2,0,0
4221,6,6,1
4222,6,6,1
4223,6,6,1
4224,6,8,1
4225,6,6,1
4226,4,6,0
4227,6,6,1
4228,5,5,0
4229,1,0,0
4230,7,8,1
4231,4,4,0
4232,3,4,0
4233,7,7,1
4234,3,4,0
4235,4,3,0
4236,6,6,1
4237,6,6,0
4238,3,2,0
4239,6,6,1
4240,6,5,1
4241,7,7,0
4242,4,2,0
4243,6,6,0
4244,12,10,0
4245,0,0,0
4246,12,8,0
4247,6,6,1
4248,3,3,0
4249,10,10,1
4250,5,5,0
4251,2,0,0
4252,5,5,1
4253,5,0,0
4254,3,4,0
4255,13,9,0
4256,7,7,1
4257,3,4,0
4258,7,7,1
4259,3,2,0
4260,0,0,0
4261,9,9,0
4262,5,5,1
4263,3,1,0
4264,6,6,1
4265,6,6,1
4266,0,0,0
4267,6,5,1
4268,4,4,0
4269,6,1,0
4270,6,6,1
4271,5,5,0
4272,7,7,1
4273,3,3,0
4274,6,5,0
4275,4,3,0
4276,1,0,0
4277,1,3,0
4278,6,6,1
4279,0,0,0
4280,1,0,0
4281,3,0,0
4282,4,3,0
4283,1,0,0
4284,6,7,0
4285,4,3,0
4286,5,4,1
4287,3,5,1
4288,2,2,0
4289,5,6,1
4290,12,11,1
4291,0,0,1
4292,7,8,1
4293,3,1,0
4294,18,12,1
4295,8,6,0
4296,4,7,1
4297,5,6,1
4298,3,0,0
4299,1,1,0
4300,5,5,1
4301,0,0,0
4302,13,12,0
4303,5,6,0
4304,4,0,0
4305,4,5,0
4306,0,0,0
4307,0,0,0
4308,0,0,0
4309,6,5,1
4310,6,6,1
4311,0,1,0
4312,4,2,0
4313,21,19,1
4314,0,0,0
4315,3,2,0
4316,6,6,1
4317,6,6,1
4318,12,11,1
4319,5,6,1
4320,3,4,0
4321,4,4,0
4322,5,4,0
4323,2,0,0
4324,7,7,1
4325,13,10,1
4326,4,5,0
4327,0,0,0
4328,6,5,0
4329,5,6,1
4330,0,0,0
4331,0,0,0
4332,5,6,1
4333,6,5,0
4334,6,6,1
4335,3,2,0
4336,1,1,0
4337,5,4,1
4338,3,4,0
4339,12,12,1
4340,3,4,1
4341,7,7,1
4342,3,3,0
4343,5,6,0
4344,5,5,0
4345,6,6,1
4346,1,0,0
4347,2,2,0
4348,7,8,1
4349,7,7,1
4350,6,5,1
4351,6,6,1
4352,6,6,0
4353,0,0,1
4354,3,4,0
4355,5,5,1
4356,3,0,0
4357,2,3,0
4358,2,1,0
4359,6,5,1
4360,6,6,1
4361,8,8,1
4362,5,4,1
4363,2,0,0
4364,4,4,0
4365,0,0,1
4366,6,4,1
4367,6,6,1
4368,0,0,0
4369,6,6,0
4370,0,0,1
4371,7,8,1
4372,0,0,0
4373,2,6,0
4374,7,7,1
4375,0,0,0
4376,7,7,1
4377,14,12,0
4378,7,8,1
4379,5,5,0
4380,4,4,0
4381,0,0,0
4382,7,7,1
4383,6,6,1
4384,2,4,0
4385,0,0,0
4386,3,2,0
4387,4,5,0
4388,13,12,0
4389,6,6,1
4390,5,5,1
4391,7,7,0
4392,4,5,0
4393,3,3,1
4394,8,8,1
4395,6,5,0
4396,6,6,1
4397,5,3,0
4398,4,4,1
4399,6,6,1
4400,4,3,0
4401,3,0,0
4402,5,6,0
4403,6,7,1
4404,1,2,0
4405,7,7,1
4406,4,2,0
4407,6,6,1
4408,5,6,0
4409,5,5,1
4410,6,5,1
4411,6,3,0
4412,4,5,0
4413,5,2,0
4414,5,5,1
4415,3,3,0
4416,12,12,1
4417,6,6,1
4418,6,7,1
4419,5,5,1
4420,6,2,0
4421,7,1,0
4422,5,5,1
4423,6,6,1
